{
    "metadata": {
        "total_schools": 10,
        "exported_at": "2025-06-28T04:47:33.956663Z",
        "data_source": "OpenStreetMap Overpass API",
        "country": "Dominican Republic"
    },
    "schools": [
        {
            "id": 310462312,
            "name": "International School of Sosua",
            "type": "node",
            "latitude": 19.7655199,
            "longitude": -70.4992693,
            "city": null,
            "province": null,
            "address": null,
            "postal_code": null,
            "education_level": null,
            "operator": null,
            "operator_type": null,
            "website": null,
            "phone": null,
            "email": null,
            "capacity": null,
            "grades": null,
            "language": null,
            "denomination": null,
            "gender": null,
            "wheelchair": null,
            "created_at": "2025-06-28T04:47:33.899928Z",
            "data_source": "OpenStreetMap",
            "osm_id": 310462312,
            "osm_type": "node"
        },
        {
            "id": 316468102,
            "name": "Nueva Vida School",
            "type": "node",
            "latitude": 19.7677536,
            "longitude": -70.5001924,
            "city": null,
            "province": null,
            "address": null,
            "postal_code": null,
            "education_level": null,
            "operator": null,
            "operator_type": null,
            "website": null,
            "phone": null,
            "email": null,
            "capacity": null,
            "grades": null,
            "language": null,
            "denomination": null,
            "gender": null,
            "wheelchair": null,
            "created_at": "2025-06-28T04:47:33.900457Z",
            "data_source": "OpenStreetMap",
            "osm_id": 316468102,
            "osm_type": "node"
        },
        {
            "id": 348107956,
            "name": "Liceo Esperanza Milena Martinez",
            "type": "node",
            "latitude": 19.4739353,
            "longitude": -70.812539,
            "city": "La Canela",
            "province": null,
            "address": "Calle Principal",
            "postal_code": null,
            "education_level": null,
            "operator": null,
            "operator_type": null,
            "website": null,
            "phone": null,
            "email": null,
            "capacity": null,
            "grades": null,
            "language": null,
            "denomination": null,
            "gender": null,
            "wheelchair": null,
            "created_at": "2025-06-28T04:47:33.900506Z",
            "data_source": "OpenStreetMap",
            "osm_id": 348107956,
            "osm_type": "node"
        },
        {
            "id": 348115954,
            "name": "Escuela Sabana Grande",
            "type": "node",
            "latitude": 19.4793989,
            "longitude": -70.7874304,
            "city": "Batey Uno",
            "province": "Santiago",
            "address": "Calle Principal",
            "postal_code": "51103",
            "education_level": null,
            "operator": null,
            "operator_type": null,
            "website": null,
            "phone": null,
            "email": null,
            "capacity": null,
            "grades": null,
            "language": null,
            "denomination": null,
            "gender": null,
            "wheelchair": null,
            "created_at": "2025-06-28T04:47:33.900543Z",
            "data_source": "OpenStreetMap",
            "osm_id": 348115954,
            "osm_type": "node"
        },
        {
            "id": 525941621,
            "name": "Unnamed School",
            "type": "node",
            "latitude": 18.4765115,
            "longitude": -69.9255807,
            "city": null,
            "province": null,
            "address": null,
            "postal_code": null,
            "education_level": null,
            "operator": null,
            "operator_type": null,
            "website": null,
            "phone": null,
            "email": null,
            "capacity": null,
            "grades": null,
            "language": null,
            "denomination": null,
            "gender": null,
            "wheelchair": "no",
            "created_at": "2025-06-28T04:47:33.900575Z",
            "data_source": "OpenStreetMap",
            "osm_id": 525941621,
            "osm_type": "node"
        },
        {
            "id": 529011619,
            "name": "Colegio Don Bosco",
            "type": "node",
            "latitude": 18.4781397,
            "longitude": -69.9008815,
            "city": null,
            "province": null,
            "address": "Calle San Juan Bosco",
            "postal_code": null,
            "education_level": null,
            "operator": null,
            "operator_type": null,
            "website": null,
            "phone": null,
            "email": null,
            "capacity": null,
            "grades": null,
            "language": null,
            "denomination": null,
            "gender": null,
            "wheelchair": "limited",
            "created_at": "2025-06-28T04:47:33.900607Z",
            "data_source": "OpenStreetMap",
            "osm_id": 529011619,
            "osm_type": "node"
        },
        {
            "id": 529011644,
            "name": "Colegio María Auxiliadora",
            "type": "node",
            "latitude": 18.4774722,
            "longitude": -69.9005811,
            "city": null,
            "province": null,
            "address": null,
            "postal_code": null,
            "education_level": null,
            "operator": null,
            "operator_type": null,
            "website": null,
            "phone": null,
            "email": null,
            "capacity": null,
            "grades": null,
            "language": null,
            "denomination": null,
            "gender": null,
            "wheelchair": null,
            "created_at": "2025-06-28T04:47:33.900637Z",
            "data_source": "OpenStreetMap",
            "osm_id": 529011644,
            "osm_type": "node"
        },
        {
            "id": 593865206,
            "name": "Gregorio Luperon",
            "type": "node",
            "latitude": 19.7663769,
            "longitude": -70.5152441,
            "city": null,
            "province": null,
            "address": null,
            "postal_code": null,
            "education_level": null,
            "operator": null,
            "operator_type": null,
            "website": null,
            "phone": null,
            "email": null,
            "capacity": null,
            "grades": null,
            "language": null,
            "denomination": null,
            "gender": null,
            "wheelchair": null,
            "created_at": "2025-06-28T04:47:33.900837Z",
            "data_source": "OpenStreetMap",
            "osm_id": 593865206,
            "osm_type": "node"
        },
        {
            "id": 616950408,
            "name": "Ecole des Soeurs",
            "type": "node",
            "latitude": 19.6662534,
            "longitude": -71.8396931,
            "city": null,
            "province": null,
            "address": null,
            "postal_code": null,
            "education_level": null,
            "operator": null,
            "operator_type": null,
            "website": null,
            "phone": null,
            "email": null,
            "capacity": null,
            "grades": null,
            "language": null,
            "denomination": null,
            "gender": null,
            "wheelchair": null,
            "created_at": "2025-06-28T04:47:33.900898Z",
            "data_source": "OpenStreetMap",
            "osm_id": 616950408,
            "osm_type": "node"
        },
        {
            "id": 616956859,
            "name": "Unnamed School",
            "type": "node",
            "latitude": 19.6650819,
            "longitude": -71.8387656,
            "city": null,
            "province": null,
            "address": null,
            "postal_code": null,
            "education_level": null,
            "operator": null,
            "operator_type": "private",
            "website": null,
            "phone": null,
            "email": null,
            "capacity": null,
            "grades": null,
            "language": null,
            "denomination": null,
            "gender": null,
            "wheelchair": null,
            "created_at": "2025-06-28T04:47:33.900930Z",
            "data_source": "OpenStreetMap",
            "osm_id": 616956859,
            "osm_type": "node"
        }
    ]
}