"id","name","type","latitude","longitude","city","province","address","postal_code","education_level","operator","operator_type","website","phone","email","capacity","grades","language","denomination","gender","wheelchair","created_at","data_source","osm_id","osm_type"
"310462312","International School of Sosua","node","19.7655199","-70.4992693","","","","","","","","","","","","","","","","","2025-06-28T05:00:43.923097Z","OpenStreetMap","310462312","node"
"316468102","Nueva Vida School","node","19.7677536","-70.5001924","","","","","","","","","","","","","","","","","2025-06-28T05:00:43.923347Z","OpenStreetMap","316468102","node"
"348107956","Liceo Esperanza Milena Martinez","node","19.4739353","-70.812539","La Canela","","Calle Principal","","","","","","","","","","","","","","2025-06-28T05:00:43.923387Z","OpenStreetMap","348107956","node"
"348115954","Escuela Sabana Grande","node","19.4793989","-70.7874304","Batey Uno","Santiago","Calle Principal","51103","","","","","","","","","","","","","2025-06-28T05:00:43.923417Z","OpenStreetMap","348115954","node"
"525941621","Unnamed School","node","18.4765115","-69.9255807","","","","","","","","","","","","","","","","no","2025-06-28T05:00:43.923443Z","OpenStreetMap","525941621","node"
"529011619","Colegio Don Bosco","node","18.4781397","-69.9008815","","","Calle San Juan Bosco","","","","","","","","","","","","","limited","2025-06-28T05:00:43.923469Z","OpenStreetMap","529011619","node"
"529011644","Colegio María Auxiliadora","node","18.4774722","-69.9005811","","","","","","","","","","","","","","","","","2025-06-28T05:00:43.923494Z","OpenStreetMap","529011644","node"
"593865206","Gregorio Luperon","node","19.7663769","-70.5152441","","","","","","","","","","","","","","","","","2025-06-28T05:00:43.923519Z","OpenStreetMap","593865206","node"
"616950408","Ecole des Soeurs","node","19.6662534","-71.8396931","","","","","","","","","","","","","","","","","2025-06-28T05:00:43.923543Z","OpenStreetMap","616950408","node"
"616956859","Unnamed School","node","19.6650819","-71.8387656","","","","","","","private","","","","","","","","","","2025-06-28T05:00:43.923568Z","OpenStreetMap","616956859","node"