{
    "metadata": {
        "total_schools": 5,
        "exported_at": "2025-06-28T05:01:03.116305Z",
        "primary_data_source": "Government CKAN API",
        "primary_source_url": "https:\/\/datos.gob.do\/api\/3",
        "secondary_data_source": "OpenStreetMap",
        "secondary_source_url": "https:\/\/overpass-api.de\/api\/interpreter",
        "actual_data_source_used": "OpenStreetMap",
        "data_source_status": "fallback_to_secondary_source",
        "country": "Dominican Republic"
    },
    "schools": [
        {
            "id": 310462312,
            "name": "International School of Sosua",
            "type": "node",
            "latitude": 19.7655199,
            "longitude": -70.4992693,
            "city": null,
            "province": null,
            "address": null,
            "postal_code": null,
            "education_level": null,
            "operator": null,
            "operator_type": null,
            "website": null,
            "phone": null,
            "email": null,
            "capacity": null,
            "grades": null,
            "language": null,
            "denomination": null,
            "gender": null,
            "wheelchair": null,
            "created_at": "2025-06-28T05:01:03.052779Z",
            "data_source": "OpenStreetMap",
            "osm_id": 310462312,
            "osm_type": "node"
        },
        {
            "id": 316468102,
            "name": "Nueva Vida School",
            "type": "node",
            "latitude": 19.7677536,
            "longitude": -70.5001924,
            "city": null,
            "province": null,
            "address": null,
            "postal_code": null,
            "education_level": null,
            "operator": null,
            "operator_type": null,
            "website": null,
            "phone": null,
            "email": null,
            "capacity": null,
            "grades": null,
            "language": null,
            "denomination": null,
            "gender": null,
            "wheelchair": null,
            "created_at": "2025-06-28T05:01:03.053160Z",
            "data_source": "OpenStreetMap",
            "osm_id": 316468102,
            "osm_type": "node"
        },
        {
            "id": 348107956,
            "name": "Liceo Esperanza Milena Martinez",
            "type": "node",
            "latitude": 19.4739353,
            "longitude": -70.812539,
            "city": "La Canela",
            "province": null,
            "address": "Calle Principal",
            "postal_code": null,
            "education_level": null,
            "operator": null,
            "operator_type": null,
            "website": null,
            "phone": null,
            "email": null,
            "capacity": null,
            "grades": null,
            "language": null,
            "denomination": null,
            "gender": null,
            "wheelchair": null,
            "created_at": "2025-06-28T05:01:03.053232Z",
            "data_source": "OpenStreetMap",
            "osm_id": 348107956,
            "osm_type": "node"
        },
        {
            "id": 348115954,
            "name": "Escuela Sabana Grande",
            "type": "node",
            "latitude": 19.4793989,
            "longitude": -70.7874304,
            "city": "Batey Uno",
            "province": "Santiago",
            "address": "Calle Principal",
            "postal_code": "51103",
            "education_level": null,
            "operator": null,
            "operator_type": null,
            "website": null,
            "phone": null,
            "email": null,
            "capacity": null,
            "grades": null,
            "language": null,
            "denomination": null,
            "gender": null,
            "wheelchair": null,
            "created_at": "2025-06-28T05:01:03.053280Z",
            "data_source": "OpenStreetMap",
            "osm_id": 348115954,
            "osm_type": "node"
        },
        {
            "id": 525941621,
            "name": "Unnamed School",
            "type": "node",
            "latitude": 18.4765115,
            "longitude": -69.9255807,
            "city": null,
            "province": null,
            "address": null,
            "postal_code": null,
            "education_level": null,
            "operator": null,
            "operator_type": null,
            "website": null,
            "phone": null,
            "email": null,
            "capacity": null,
            "grades": null,
            "language": null,
            "denomination": null,
            "gender": null,
            "wheelchair": "no",
            "created_at": "2025-06-28T05:01:03.053322Z",
            "data_source": "OpenStreetMap",
            "osm_id": 525941621,
            "osm_type": "node"
        }
    ]
}